{
  "model_type": "logistic_regression",
  "n_runs": 3,
  "metrics": [
    {
      "accuracy": 0.8128146453089244,
      "precision": 0.5903083700440529,
      "recall": 0.7556390977443609,
      "f1": 0.6628194558944766,
      "confusion_matrix": "[[1374  279]\n [ 130  402]]",
      "auc": 0.874766316881132
    },
    {
      "accuracy": 0.8128146453089244,
      "precision": 0.5903083700440529,
      "recall": 0.7556390977443609,
      "f1": 0.6628194558944766,
      "confusion_matrix": "[[1374  279]\n [ 130  402]]",
      "auc": 0.874766316881132
    },
    {
      "accuracy": 0.8128146453089244,
      "precision": 0.5903083700440529,
      "recall": 0.7556390977443609,
      "f1": 0.6628194558944766,
      "confusion_matrix": "[[1374  279]\n [ 130  402]]",
      "auc": 0.874766316881132
    }
  ],
  "summary": {
    "accuracy": {
      "mean": 0.8128146453089244,
      "std": 0.0
    },
    "precision": {
      "mean": 0.5903083700440529,
      "std": 0.0
    },
    "recall": {
      "mean": 0.7556390977443609,
      "std": 0.0
    },
    "f1": {
      "mean": 0.6628194558944766,
      "std": 0.0
    },
    "auc": {
      "mean": 0.874766316881132,
      "std": 0.0
    }
  }
}